PassengerOutcomeFactKey,PassengerKey,ClassKey,EmbarkationKey,CabinKey,TicketKey,FamilyKey,AgeBandKey,FareBandKey,SourceKey,PassengerCount,SurvivedFlag,DiedFlag,FareAmount
1,1,3,3,187,17,3,3,1,1,1,0,1,7.25
2,2,1,1,107,816,3,4,4,1,1,1,0,71.2833
3,3,3,3,187,914,1,3,2,1,1,1,0,7.925
4,4,1,3,71,149,3,3,4,1,1,1,0,53.1
5,5,3,3,187,733,1,3,2,1,1,0,1,8.05
6,6,3,2,187,457,1,7,2,1,1,0,1,8.4583
7,7,1,3,164,193,1,5,4,1,1,0,1,51.8625
8,8,3,3,187,625,14,1,3,1,1,0,1,21.075
9,9,3,3,187,561,4,3,2,1,1,1,0,11.1333
10,10,2,1,187,258,3,2,3,1,1,1,0,30.0708
11,11,3,3,185,839,5,1,3,1,1,1,0,16.7
12,12,1,3,63,134,1,5,3,1,1,1,0,26.55
13,13,3,3,187,30,1,3,2,1,1,0,1,8.05
14,14,3,3,187,543,20,4,3,1,1,0,1,31.275
15,15,3,3,187,650,1,2,1,1,1,0,1,7.8542
16,16,2,3,187,288,1,5,3,1,1,1,0,16.0
17,17,3,2,187,743,19,1,3,1,1,0,1,29.125
18,18,2,3,187,285,1,7,2,1,1,1,0,13.0
19,19,3,3,187,501,3,3,3,1,1,0,1,18.0
20,20,3,1,187,327,1,7,1,1,1,1,0,7.225
21,21,2,3,187,266,1,3,3,1,1,0,1,26.0
22,22,2,3,144,287,1,3,2,1,1,1,0,13.0
23,23,3,2,187,463,1,2,2,1,1,1,0,8.0292
24,24,1,3,18,138,1,3,4,1,1,1,0,35.5
25,25,3,3,187,625,14,1,3,1,1,0,1,21.075
26,26,3,3,187,538,20,4,4,1,1,1,0,31.3875
27,27,3,1,187,322,1,7,1,1,1,0,1,7.225
28,28,1,3,81,207,18,3,4,1,1,0,1,263.0
29,29,3,2,187,469,1,7,1,1,1,1,0,7.8792
30,30,3,3,187,583,1,7,1,1,1,0,1,7.8958
31,31,1,1,187,818,1,4,3,1,1,0,1,27.7208
32,32,1,1,55,802,3,7,4,1,1,1,0,146.5208
33,33,3,2,187,481,1,7,1,1,1,1,0,7.75
34,34,2,3,187,47,1,6,2,1,1,0,1,10.5
35,35,1,1,187,820,3,3,4,1,1,0,1,82.1708
36,36,1,3,187,139,3,4,4,1,1,0,1,52.0
37,37,3,1,187,356,1,7,1,1,1,1,0,7.2292
38,38,3,3,187,10,1,3,2,1,1,0,1,8.05
39,39,3,3,187,502,6,3,3,1,1,0,1,18.0
40,40,3,1,187,329,3,2,2,1,1,1,0,11.2417
41,41,3,3,187,779,3,4,2,1,1,0,1,9.475
42,42,2,3,187,153,3,3,3,1,1,0,1,21.0
43,43,3,1,187,620,1,7,1,1,1,0,1,7.8958
44,44,2,1,187,861,8,1,4,1,1,1,0,41.5792
45,45,3,2,187,468,1,3,1,1,1,1,0,7.8792
46,46,3,3,187,844,1,7,2,1,1,0,1,8.05
47,47,3,2,187,721,3,7,3,1,1,0,1,15.5
48,48,3,2,187,184,1,7,1,1,1,1,0,7.75
49,49,3,1,187,340,6,7,3,1,1,0,1,21.6792
50,50,3,3,187,604,3,3,3,1,1,0,1,17.8
51,51,3,3,187,419,19,1,4,1,1,0,1,39.6875
52,52,3,3,187,8,1,3,1,1,1,0,1,7.8
53,53,1,1,130,803,3,4,4,1,1,1,0,76.7292
54,54,2,3,187,408,3,3,3,1,1,1,0,26.0
55,55,1,1,33,123,2,5,4,1,1,0,1,61.9792
56,56,1,3,93,206,1,7,4,1,1,1,0,35.5
57,57,2,3,187,54,1,3,2,1,1,1,0,10.5
58,58,3,1,187,376,1,3,1,1,1,0,1,7.2292
59,59,2,3,187,64,8,1,3,1,1,1,0,27.75
60,60,3,3,187,70,23,1,4,1,1,0,1,46.9
61,61,3,1,187,347,1,3,1,1,1,0,1,7.2292
62,62,1,4,31,126,1,4,4,1,1,1,0,80.0
63,63,1,3,106,714,3,4,4,1,1,0,1,83.475
64,64,3,3,187,548,18,1,3,1,1,0,1,27.9
65,65,1,1,187,821,1,7,3,1,1,0,1,27.7208
66,66,3,1,187,339,5,7,3,1,1,1,0,15.2458
67,67,2,3,182,51,1,3,2,1,1,1,0,10.5
68,68,3,3,187,896,1,3,2,1,1,0,1,8.1583
69,69,3,3,187,418,21,2,2,1,1,1,0,7.925
70,70,3,3,187,447,6,3,2,1,1,0,1,8.6625
71,71,2,3,187,58,1,3,2,1,1,0,1,10.5
72,72,3,3,187,70,23,2,4,1,1,0,1,46.9
73,73,2,3,187,863,1,3,4,1,1,0,1,73.5
74,74,3,1,187,359,3,3,2,1,1,0,1,14.4542
75,75,3,3,187,188,1,3,4,1,1,1,0,56.4958
76,76,3,3,180,565,1,3,1,1,1,0,1,7.65
77,77,3,3,187,575,1,7,1,1,1,0,1,7.8958
78,78,3,3,187,734,1,7,2,1,1,0,1,8.05
79,79,2,3,187,295,4,1,3,1,1,1,0,29.0
80,80,3,3,187,677,1,3,2,1,1,1,0,12.475
81,81,3,3,187,504,1,3,2,1,1,0,1,9.0
82,82,3,3,187,514,1,3,2,1,1,1,0,9.5
83,83,3,2,187,466,1,7,1,1,1,1,0,7.7875
84,84,1,3,187,119,1,3,4,1,1,0,1,47.1
85,85,2,3,187,864,1,2,2,1,1,1,0,10.5
86,86,3,3,187,417,10,3,3,1,1,1,0,15.85
87,87,3,3,187,925,12,2,4,1,1,0,1,34.375
88,88,3,3,187,893,1,7,2,1,1,0,1,8.05
89,89,1,3,81,207,18,3,4,1,1,1,0,263.0
90,90,3,3,187,495,1,3,2,1,1,0,1,8.05
91,91,3,3,187,496,1,3,2,1,1,0,1,8.05
92,92,3,3,187,555,1,3,1,1,1,0,1,7.8542
93,93,1,3,155,928,3,4,4,1,1,0,1,61.175
94,94,3,3,187,46,8,3,3,1,1,0,1,20.575
95,95,3,3,187,673,1,5,1,1,1,0,1,7.25
96,96,3,3,187,736,1,7,2,1,1,0,1,8.05
97,97,1,1,17,830,1,6,4,1,1,0,1,34.6542
98,98,1,1,119,835,2,3,4,1,1,1,0,63.3583
99,99,2,3,187,233,2,3,3,1,1,1,0,23.0
100,100,2,3,187,283,3,3,3,1,1,0,1,26.0
101,101,3,3,187,612,1,3,1,1,1,0,1,7.8958
102,102,3,3,187,582,1,7,1,1,1,0,1,7.8958
103,103,1,3,127,658,2,3,4,1,1,0,1,77.2875
104,104,3,3,187,777,1,3,2,1,1,0,1,8.6542
105,105,3,3,187,415,6,4,2,1,1,0,1,7.925
106,106,3,3,187,574,1,3,1,1,1,0,1,7.8958
107,107,3,3,187,493,1,3,1,1,1,1,0,7.65
108,108,3,3,187,425,1,7,1,1,1,1,0,7.775
109,109,3,3,187,616,1,4,1,1,1,0,1,7.8958
110,110,3,2,187,730,3,7,3,1,1,1,0,24.15
111,111,1,3,67,86,1,4,4,1,1,0,1,52.0
112,112,3,1,187,343,3,2,2,1,1,0,1,14.4542
113,113,3,3,187,454,1,3,2,1,1,0,1,8.05
114,114,3,3,187,758,3,3,2,1,1,0,1,9.825
115,115,3,1,187,319,1,2,3,1,1,0,1,14.4583
116,116,3,3,187,910,1,3,2,1,1,0,1,7.925
117,117,3,2,187,719,1,6,1,1,1,0,1,7.75
118,118,2,3,187,153,3,3,3,1,1,0,1,21.0
119,119,1,1,49,800,2,3,4,1,1,0,1,247.5208
120,120,3,3,187,543,21,1,3,1,1,0,1,31.275
121,121,2,3,187,863,6,3,4,1,1,0,1,73.5
122,122,3,3,187,9,1,7,2,1,1,0,1,8.05
123,123,2,1,187,258,3,3,3,1,1,0,1,30.0708
124,124,2,3,149,381,1,3,2,1,1,1,0,13.0
125,125,1,3,127,658,2,5,4,1,1,0,1,77.2875
126,126,3,1,187,329,3,1,2,1,1,1,0,11.2417
127,127,3,2,187,722,1,7,1,1,1,0,1,7.75
128,128,3,3,187,38,1,3,1,1,1,1,0,7.1417
129,129,3,1,178,346,5,7,3,1,1,1,0,22.3583
130,130,3,3,187,522,1,4,1,1,1,0,1,6.975
131,131,3,1,187,608,1,3,1,1,1,0,1,7.8958
132,132,3,3,187,878,1,3,1,1,1,0,1,7.05
133,133,3,3,187,32,3,4,3,1,1,0,1,14.5
134,134,2,3,187,227,3,3,3,1,1,1,0,26.0
135,135,2,3,187,50,1,3,2,1,1,0,1,13.0
136,136,2,1,187,852,1,3,3,1,1,0,1,15.0458
137,137,1,3,140,155,4,3,3,1,1,1,0,26.2833
138,138,1,3,71,149,3,4,4,1,1,0,1,53.1
139,139,3,3,187,775,1,2,2,1,1,0,1,9.2167
140,140,1,1,59,810,1,3,4,1,1,0,1,79.2
141,141,3,1,187,357,4,7,3,1,1,0,1,15.2458
142,142,3,3,187,542,1,3,1,1,1,1,0,7.75
143,143,3,3,187,913,3,3,3,1,1,1,0,15.85
144,144,3,2,187,686,1,3,1,1,1,0,1,6.75
145,145,2,3,187,234,1,3,2,1,1,0,1,11.5
146,146,2,3,187,59,5,3,4,1,1,0,1,36.75
147,147,3,3,187,637,1,3,1,1,1,1,0,7.7958
148,148,3,3,187,925,13,1,4,1,1,0,1,34.375
149,149,2,3,181,229,4,4,3,1,1,0,1,26.0
150,150,2,3,187,278,1,4,2,1,1,0,1,13.0
151,151,2,3,187,865,1,5,2,1,1,0,1,12.525
152,152,1,3,79,130,3,3,4,1,1,1,0,66.6
153,153,3,3,187,13,1,5,2,1,1,0,1,8.05
154,154,3,3,187,33,4,4,3,1,1,0,1,14.5
155,155,3,3,187,75,1,7,1,1,1,0,1,7.3125
156,156,1,1,187,814,2,5,4,1,1,0,1,61.3792
157,157,3,2,187,659,1,2,1,1,1,1,0,7.7333
158,158,3,3,187,895,1,3,2,1,1,0,1,8.05
159,159,3,3,187,429,1,7,2,1,1,0,1,8.6625
160,160,3,3,187,73,25,7,4,1,1,0,1,69.55
161,161,3,3,187,731,2,4,3,1,1,0,1,16.1
162,162,2,3,187,60,1,4,3,1,1,1,0,15.75
163,163,3,3,187,529,1,3,1,1,1,0,1,7.775
164,164,3,3,187,441,1,2,2,1,1,0,1,8.6625
165,165,3,3,187,419,19,1,4,1,1,0,1,39.6875
166,166,3,3,187,667,4,1,3,1,1,1,0,20.525
167,167,1,3,156,122,2,7,4,1,1,1,0,55.0
168,168,3,3,187,548,16,4,3,1,1,0,1,27.9
169,169,1,3,187,790,1,7,3,1,1,0,1,25.925
170,170,3,3,187,188,1,3,4,1,1,0,1,56.4958
171,171,1,3,26,92,1,5,4,1,1,0,1,33.5
172,172,3,2,187,743,19,1,3,1,1,0,1,29.125
173,173,3,3,187,561,5,1,2,1,1,1,0,11.1333
174,174,3,3,187,902,1,3,2,1,1,0,1,7.925
175,175,1,1,19,199,1,5,3,1,1,0,1,30.6958
176,176,3,3,187,648,5,3,1,1,1,0,1,7.8542
177,177,3,3,187,755,14,7,3,1,1,0,1,25.4667
178,178,1,1,90,812,1,4,3,1,1,0,1,28.7125
179,179,2,3,187,309,1,3,2,1,1,0,1,13.0
180,180,3,3,187,789,1,4,1,1,1,0,1,0.0
181,181,3,3,187,73,25,7,4,1,1,0,1,69.55
182,182,2,1,187,851,1,7,3,1,1,0,1,15.05
183,183,3,3,187,538,21,1,4,1,1,0,1,31.3875
184,184,2,3,184,230,9,1,4,1,1,1,0,39.0
185,185,3,3,187,449,4,1,3,1,1,1,0,22.025
186,186,1,3,14,128,1,7,4,1,1,0,1,50.0
187,187,3,2,187,717,3,7,3,1,1,1,0,15.5
188,188,1,3,187,98,1,4,3,1,1,1,0,26.55
189,189,3,2,187,680,5,4,3,1,1,0,1,15.5
190,190,3,3,187,614,1,4,1,1,1,0,1,7.8958
191,191,2,3,187,240,1,3,2,1,1,1,0,13.0
192,192,2,3,187,394,1,3,2,1,1,0,1,13.0
193,193,3,3,187,639,3,3,1,1,1,1,0,7.8542
194,194,2,3,181,229,5,1,3,1,1,1,0,26.0
195,195,1,1,39,826,1,4,3,1,1,1,0,27.7208
196,196,1,1,57,802,1,5,4,1,1,1,0,146.5208
197,197,3,2,187,708,1,7,1,1,1,0,1,7.75
198,198,3,3,187,761,2,4,2,1,1,0,1,8.4042
199,199,3,2,187,720,1,7,1,1,1,1,0,7.75
200,200,2,3,187,299,1,3,2,1,1,0,1,13.0
201,201,3,3,187,507,1,3,2,1,1,0,1,9.5
202,202,3,3,187,73,25,7,4,1,1,0,1,69.55
203,203,3,3,187,411,1,3,1,1,1,0,1,6.4958
204,204,3,1,187,320,1,4,1,1,1,0,1,7.225
205,205,3,3,187,25,1,3,2,1,1,1,0,8.05
206,206,3,3,185,520,2,1,2,1,1,0,1,10.4625
207,207,3,3,187,417,3,3,3,1,1,0,1,15.85
208,208,3,1,187,378,1,3,3,1,1,1,0,18.7875
209,209,3,2,187,697,1,2,1,1,1,1,0,7.75
210,210,1,1,13,105,1,4,3,1,1,1,0,31.0
211,211,3,3,187,882,1,3,1,1,1,0,1,7.05
212,212,2,3,187,78,1,3,3,1,1,1,0,21.0
213,213,3,3,187,20,1,3,1,1,1,0,1,7.25
214,214,2,3,187,302,1,3,2,1,1,0,1,13.0
215,215,3,2,187,695,3,7,1,1,1,0,1,7.75
216,216,1,1,133,657,3,3,4,1,1,1,0,113.275
217,217,3,3,187,915,1,3,2,1,1,1,0,7.925
218,218,2,3,187,273,3,4,3,1,1,0,1,27.0
219,219,1,1,121,165,1,3,4,1,1,1,0,76.2917
220,220,2,3,187,927,1,3,2,1,1,0,1,10.5
221,221,3,3,187,894,1,2,2,1,1,1,0,8.05
222,222,2,3,187,220,1,3,2,1,1,0,1,13.0
223,223,3,3,187,217,1,5,2,1,1,0,1,8.05
224,224,3,3,187,601,1,7,1,1,1,0,1,7.8958
225,225,1,3,114,205,3,4,4,1,1,1,0,90.0
226,226,3,3,187,838,1,3,2,1,1,0,1,9.35
227,227,2,3,187,919,1,3,2,1,1,1,0,10.5
228,228,3,3,187,19,1,3,1,1,1,0,1,7.25
229,229,2,3,187,244,1,3,2,1,1,0,1,13.0
230,230,3,3,187,755,14,7,3,1,1,0,1,25.4667
231,231,1,3,106,714,3,3,4,1,1,1,0,83.475
232,232,3,3,187,528,1,3,1,1,1,0,1,7.775
233,233,2,3,187,251,1,5,2,1,1,0,1,13.5
234,234,3,3,187,538,21,1,4,1,1,1,0,31.3875
235,235,2,3,187,52,1,3,2,1,1,0,1,10.5
236,236,3,3,187,926,1,7,1,1,1,0,1,7.55
237,237,2,3,187,349,3,4,3,1,1,0,1,26.0
238,238,2,3,187,57,4,1,3,1,1,1,0,26.25
239,239,2,3,187,398,1,3,2,1,1,0,1,10.5
240,240,2,3,187,849,1,3,2,1,1,0,1,12.275
241,241,3,1,187,343,3,7,2,1,1,0,1,14.4542
242,242,3,2,187,696,3,7,3,1,1,1,0,15.5
243,243,2,3,187,922,1,3,2,1,1,0,1,10.5
244,244,3,3,187,901,1,3,1,1,1,0,1,7.125
245,245,3,1,187,373,1,3,1,1,1,0,1,7.225
246,246,1,2,103,204,6,4,4,1,1,0,1,90.0
247,247,3,3,187,532,1,3,1,1,1,0,1,7.775
248,248,2,3,187,305,4,3,3,1,1,1,0,14.5
249,249,1,3,132,154,5,4,4,1,1,1,0,52.5542
250,250,2,3,187,275,3,5,3,1,1,0,1,26.0
251,251,3,3,187,665,1,7,1,1,1,0,1,7.25
252,252,3,3,185,520,5,3,2,1,1,0,1,10.4625
253,253,1,3,109,125,1,5,3,1,1,0,1,26.55
254,254,3,3,187,31,3,3,3,1,1,0,1,16.1
255,255,3,3,187,716,4,4,3,1,1,0,1,20.2125
256,256,3,1,187,328,4,3,3,1,1,1,0,15.2458
257,257,1,1,187,806,1,7,4,1,1,1,0,79.2
258,258,1,3,54,84,1,3,4,1,1,1,0,86.5
259,259,1,1,187,831,1,3,4,1,1,1,0,512.3292
260,260,2,3,187,231,2,4,3,1,1,1,0,26.0
261,261,3,2,187,748,1,7,1,1,1,0,1,7.75
262,262,3,3,187,538,21,1,4,1,1,1,0,31.3875
263,263,1,3,171,85,5,5,4,1,1,0,1,79.65
264,264,1,3,60,104,1,4,1,1,1,0,1,0.0
265,265,3,2,187,740,1,7,1,1,1,0,1,7.75
266,266,2,3,187,44,1,4,2,1,1,0,1,10.5
267,267,3,3,187,419,19,2,4,1,1,0,1,39.6875
268,268,3,3,187,544,3,3,1,1,1,1,0,7.775
269,269,1,3,73,805,2,5,4,1,1,1,0,153.4625
270,270,1,3,117,836,1,3,4,1,1,1,0,135.6333
271,271,1,3,187,146,1,7,3,1,1,0,1,31.0
272,272,3,3,187,789,1,3,1,1,1,1,0,0.0
273,273,2,3,187,301,2,4,3,1,1,1,0,19.5
274,274,1,1,70,813,2,4,3,1,1,0,1,29.7
275,275,3,2,187,725,1,7,1,1,1,1,0,7.75
276,276,1,3,146,176,3,5,4,1,1,1,0,77.9583
277,277,3,3,187,534,1,4,1,1,1,0,1,7.75
278,278,2,3,187,262,1,7,1,1,1,0,1,0.0
279,279,3,2,187,743,19,1,3,1,1,0,1,29.125
280,280,3,3,187,49,5,3,3,1,1,1,0,20.25
281,281,3,2,187,483,1,5,1,1,1,0,1,7.75
282,282,3,3,187,553,1,3,1,1,1,0,1,7.8542
283,283,3,3,187,513,1,2,2,1,1,0,1,9.5
284,284,3,3,187,28,1,3,2,1,1,1,0,8.05
285,285,1,3,6,118,1,7,3,1,1,0,1,26.0
286,286,3,1,187,606,1,3,2,1,1,0,1,8.6625
287,287,3,3,187,510,1,3,2,1,1,1,0,9.5
288,288,3,3,187,573,1,3,1,1,1,0,1,7.8958
289,289,2,3,187,260,1,4,2,1,1,1,0,13.0
290,290,3,2,187,723,1,3,1,1,1,1,0,7.75
291,291,1,3,187,202,1,3,4,1,1,1,0,78.85
292,292,1,1,43,166,3,3,4,1,1,1,0,91.0792
293,293,2,1,118,862,1,4,2,1,1,0,1,12.875
294,294,3,3,187,603,1,3,2,1,1,0,1,8.85
295,295,3,3,187,600,1,3,1,1,1,0,1,7.8958
296,296,1,1,187,828,1,7,3,1,1,0,1,27.7208
297,297,3,1,187,372,1,3,1,1,1,0,1,7.2292
298,298,1,3,80,133,8,1,4,1,1,0,1,151.55
299,299,1,3,66,210,1,7,3,1,1,1,0,30.5
300,300,1,1,49,800,2,4,4,1,1,1,0,247.5208
301,301,3,2,187,788,1,7,1,1,1,1,0,7.75
302,302,3,2,187,692,6,7,3,1,1,1,0,23.25
303,303,3,3,187,789,1,3,1,1,1,0,1,0.0
304,304,2,2,149,225,1,7,2,1,1,1,0,12.35
305,305,3,3,187,22,1,7,2,1,1,0,1,8.05
306,306,1,3,80,133,8,1,4,1,1,1,0,151.55
307,307,1,1,187,191,1,7,4,1,1,1,0,110.8833
308,308,1,1,99,834,3,2,4,1,1,1,0,108.9
309,309,2,1,187,840,3,3,3,1,1,0,1,24.0
310,310,1,1,158,798,1,3,4,1,1,1,0,56.9292
311,311,1,1,95,159,1,3,4,1,1,1,0,83.1583
312,312,1,1,48,824,13,3,4,1,1,1,0,262.375
313,313,2,3,187,307,5,3,3,1,1,0,1,26.0
314,314,3,3,187,610,1,3,1,1,1,0,1,7.8958
315,315,2,3,187,79,5,4,3,1,1,0,1,26.25
316,316,3,3,187,559,1,3,1,1,1,1,0,7.8542
317,317,2,3,187,283,3,3,3,1,1,1,0,26.0
318,318,2,3,187,400,1,5,2,1,1,0,1,14.0
319,319,1,3,101,710,4,3,4,1,1,1,0,164.8667
320,320,1,1,157,189,5,4,4,1,1,1,0,134.5
321,321,3,3,187,18,1,3,1,1,1,0,1,7.25
322,322,3,3,187,586,1,3,1,1,1,0,1,7.8958
323,323,2,2,187,242,1,3,2,1,1,1,0,12.35
324,324,2,3,187,295,5,3,3,1,1,1,0,29.0
325,325,3,3,187,73,25,7,4,1,1,0,1,69.55
326,326,1,1,85,836,1,4,4,1,1,1,0,135.6333
327,327,3,3,187,497,1,5,1,1,1,0,1,6.2375
328,328,2,3,118,396,1,4,2,1,1,1,0,13.0
329,329,3,3,187,667,5,3,3,1,1,1,0,20.525
330,330,1,1,25,94,2,2,4,1,1,1,0,57.9792
331,331,3,2,187,692,6,7,3,1,1,1,0,23.25
332,332,1,3,72,112,1,4,3,1,1,0,1,28.5
333,333,1,3,112,805,2,4,4,1,1,0,1,153.4625
334,334,3,3,187,502,6,2,3,1,1,0,1,18.0
335,335,1,3,187,827,3,7,4,1,1,1,0,133.65
336,336,3,3,187,592,1,7,1,1,1,0,1,7.8958
337,337,1,3,79,130,3,3,4,1,1,0,1,66.6
338,338,1,1,161,189,1,4,4,1,1,1,0,134.5
339,339,3,3,187,783,1,4,2,1,1,1,0,8.05
340,340,1,3,186,135,1,4,4,1,1,0,1,35.5
341,341,2,3,181,229,5,1,3,1,1,1,0,26.0
342,342,1,3,81,207,18,3,4,1,1,1,0,263.0
343,343,2,3,187,296,1,3,2,1,1,0,1,13.0
344,344,2,3,187,282,1,3,2,1,1,0,1,13.0
345,345,2,3,187,228,1,4,2,1,1,0,1,13.0
346,346,2,3,182,293,1,3,2,1,1,1,0,13.0
347,347,2,3,187,428,1,4,2,1,1,1,0,13.0
348,348,3,3,187,749,3,7,3,1,1,1,0,16.1
349,349,3,3,187,65,5,1,3,1,1,1,0,15.9
350,350,3,3,187,436,1,4,2,1,1,0,1,8.6625
351,351,3,3,187,774,1,3,2,1,1,0,1,9.225
352,352,1,3,75,124,1,7,4,1,1,0,1,35.0
353,353,3,1,187,374,5,2,1,1,1,0,1,7.2292
354,354,3,3,187,604,3,3,3,1,1,0,1,17.8
355,355,3,1,187,325,1,7,1,1,1,0,1,7.225
356,356,3,3,187,517,1,3,2,1,1,0,1,9.5
357,357,1,3,156,122,2,3,4,1,1,1,0,55.0
358,358,2,3,187,255,1,4,2,1,1,0,1,13.0
359,359,3,2,187,465,1,7,1,1,1,1,0,7.8792
360,360,3,2,187,475,1,7,1,1,1,1,0,7.8792
361,361,3,3,187,548,16,4,3,1,1,0,1,27.9
362,362,2,1,187,859,3,3,3,1,1,0,1,27.7208
363,363,3,1,187,370,2,4,2,1,1,0,1,14.4542
364,364,3,3,187,881,1,3,1,1,1,0,1,7.05
365,365,3,2,187,717,3,7,3,1,1,0,1,15.5
366,366,3,3,187,41,1,3,1,1,1,0,1,7.25
367,367,1,1,134,90,3,5,4,1,1,1,0,75.25
368,368,3,1,187,318,1,7,1,1,1,1,0,7.2292
369,369,3,2,187,186,1,7,1,1,1,1,0,7.75
370,370,1,1,34,795,1,3,4,1,1,1,0,69.3
371,371,1,1,166,158,3,3,4,1,1,1,0,55.4417
372,372,3,3,187,414,3,3,1,1,1,0,1,6.4958
373,373,3,3,187,453,1,3,2,1,1,0,1,8.05
374,374,1,1,187,836,1,3,4,1,1,0,1,135.6333
375,375,3,3,187,625,14,1,3,1,1,0,1,21.075
376,376,1,1,187,820,3,7,4,1,1,1,0,82.1708
377,377,3,3,187,42,1,3,1,1,1,1,0,7.25
378,378,1,1,105,121,4,3,4,1,1,0,1,211.5
379,379,3,1,187,326,1,3,1,1,1,0,1,4.0125
380,380,3,3,187,530,1,3,1,1,1,0,1,7.775
381,381,1,1,187,833,1,4,4,1,1,1,0,227.525
382,382,3,1,187,331,4,1,3,1,1,1,0,15.7417
383,383,3,3,187,909,1,3,2,1,1,0,1,7.925
384,384,1,3,187,139,3,3,4,1,1,1,0,52.0
385,385,3,3,187,594,1,7,1,1,1,0,1,7.8958
386,386,2,3,187,863,1,3,4,1,1,0,1,73.5
387,387,3,3,187,70,23,1,4,1,1,0,1,46.9
388,388,2,3,187,382,1,4,2,1,1,1,0,13.0
389,389,3,2,187,699,1,7,1,1,1,0,1,7.7292
390,390,2,1,187,842,1,2,2,1,1,1,0,12.0
391,391,1,3,61,127,8,4,4,1,1,1,0,120.0
392,392,3,3,187,633,1,3,1,1,1,1,0,7.7958
393,393,3,3,187,416,6,3,2,1,1,0,1,7.925
394,394,1,1,133,657,3,3,4,1,1,1,0,113.275
395,395,3,3,185,839,4,3,3,1,1,1,0,16.7
396,396,3,3,187,643,1,3,1,1,1,0,1,7.7958
397,397,3,3,187,651,1,3,1,1,1,0,1,7.8542
398,398,2,3,187,392,1,4,3,1,1,0,1,26.0
399,399,2,3,187,277,1,3,2,1,1,0,1,10.5
400,400,2,3,187,270,1,3,2,1,1,1,0,12.65
401,401,3,3,187,906,1,4,2,1,1,1,0,7.925
402,402,3,3,187,486,1,3,2,1,1,0,1,8.05
403,403,3,3,187,759,3,3,2,1,1,0,1,9.825
404,404,3,3,187,913,3,3,3,1,1,0,1,15.85
405,405,3,3,187,444,1,3,2,1,1,0,1,8.6625
406,406,2,3,187,397,3,3,3,1,1,0,1,21.0
407,407,3,3,187,525,1,5,1,1,1,0,1,7.75
408,408,2,3,187,405,5,1,3,1,1,1,0,18.75
409,409,3,3,187,426,1,3,1,1,1,0,1,7.775
410,410,3,3,187,755,14,7,3,1,1,0,1,25.4667
411,411,3,3,187,589,1,7,1,1,1,0,1,7.8958
412,412,3,2,187,754,1,7,1,1,1,0,1,6.8583
413,413,1,2,103,204,3,3,4,1,1,1,0,90.0
414,414,2,3,187,262,1,7,1,1,1,0,1,0.0
415,415,3,3,187,898,1,4,2,1,1,1,0,7.925
416,416,3,3,187,492,1,7,2,1,1,0,1,8.05
417,417,2,3,187,389,5,3,4,1,1,1,0,32.5
418,418,2,3,187,308,4,3,2,1,1,1,0,13.0
419,419,2,3,187,391,1,3,2,1,1,0,1,13.0
420,420,3,3,187,509,4,1,3,1,1,0,1,24.15
421,421,3,1,187,621,1,7,1,1,1,0,1,7.8958
422,422,3,2,187,29,1,3,1,1,1,0,1,7.7333
423,423,3,3,187,430,1,3,1,1,1,0,1,7.875
424,424,3,3,187,541,5,3,2,1,1,0,1,14.4
425,425,3,3,187,716,5,3,3,1,1,0,1,20.2125
426,426,3,3,187,7,1,7,1,1,1,0,1,7.25
427,427,2,3,187,212,3,3,3,1,1,1,0,26.0
428,428,2,3,187,310,1,3,3,1,1,1,0,26.0
429,429,3,2,187,682,1,7,1,1,1,0,1,7.75
430,430,3,3,148,886,1,3,2,1,1,1,0,8.05
431,431,1,3,93,89,1,3,3,1,1,1,0,26.55
432,432,3,3,187,738,3,7,3,1,1,1,0,16.1
433,433,2,3,187,847,3,4,3,1,1,1,0,26.0
434,434,3,3,187,900,1,2,1,1,1,0,1,7.125
435,435,1,3,162,177,3,4,4,1,1,0,1,55.9
436,436,1,3,61,127,8,2,4,1,1,1,0,120.0
437,437,3,3,187,925,13,3,4,1,1,0,1,34.375
438,438,2,3,187,405,17,3,3,1,1,1,0,18.75
439,439,1,3,81,207,16,5,4,1,1,0,1,263.0
440,440,2,3,187,45,1,3,2,1,1,0,1,10.5
441,441,2,3,187,79,5,4,3,1,1,1,0,26.25
442,442,3,3,187,506,1,3,2,1,1,0,1,9.5
443,443,3,3,187,537,3,3,1,1,1,0,1,7.775
444,444,2,3,187,232,1,3,2,1,1,1,0,13.0
445,445,3,3,187,767,1,7,2,1,1,1,0,8.1125
446,446,1,3,15,482,4,1,4,1,1,1,0,81.8583
447,447,2,3,187,301,2,2,3,1,1,1,0,19.5
448,448,1,3,187,143,1,3,3,1,1,1,0,26.55
449,449,3,1,187,344,9,1,3,1,1,1,0,19.2583
450,450,1,3,64,136,1,5,3,1,1,1,0,30.5
451,451,2,3,187,64,8,4,3,1,1,0,1,27.75
452,452,3,3,187,764,3,7,3,1,1,0,1,19.9667
453,453,1,1,68,115,1,3,3,1,1,0,1,27.75
454,454,1,1,113,192,3,4,4,1,1,1,0,89.1042
455,455,3,3,187,23,1,7,2,1,1,0,1,8.05
456,456,3,1,187,607,1,3,1,1,1,1,0,7.8958
457,457,1,3,159,179,1,5,3,1,1,0,1,26.55
458,458,1,3,125,194,3,7,4,1,1,1,0,51.8625
459,459,2,3,187,80,1,4,2,1,1,1,0,10.5
460,460,3,2,187,728,1,7,1,1,1,0,1,7.75
461,461,1,3,150,208,1,4,3,1,1,1,0,26.55
462,462,3,3,187,674,1,3,2,1,1,0,1,8.05
463,463,1,3,170,93,1,4,4,1,1,0,1,38.5
464,464,2,3,187,239,1,4,2,1,1,0,1,13.0
465,465,3,3,187,36,1,7,2,1,1,0,1,8.05
466,466,3,3,187,877,1,4,1,1,1,0,1,7.05
467,467,2,3,187,262,1,7,1,1,1,0,1,0.0
468,468,1,3,187,142,1,5,3,1,1,0,1,26.55
469,469,3,2,187,664,1,7,1,1,1,0,1,7.725
470,470,3,1,187,344,9,1,3,1,1,1,0,19.2583
471,471,3,3,187,452,1,7,1,1,1,0,1,7.25
472,472,3,3,187,437,1,4,2,1,1,0,1,8.6625
473,473,2,3,187,64,8,3,3,1,1,1,0,27.75
474,474,2,1,118,848,1,3,2,1,1,1,0,13.7917
475,475,3,3,187,782,1,3,2,1,1,0,1,9.8375
476,476,1,3,3,86,1,7,4,1,1,0,1,52.0
477,477,2,3,187,423,3,3,3,1,1,0,1,21.0
478,478,3,3,187,518,3,3,1,1,1,0,1,7.0458
479,479,3,3,187,646,1,3,1,1,1,0,1,7.5208
480,480,3,3,187,422,2,1,2,1,1,1,0,12.2875
481,481,3,3,187,70,23,1,4,1,1,0,1,46.9
482,482,2,3,187,263,1,7,1,1,1,0,1,0.0
483,483,3,3,187,26,1,4,2,1,1,0,1,8.05
484,484,3,3,187,756,1,5,2,1,1,1,0,9.5875
485,485,1,1,43,166,3,3,4,1,1,1,0,91.0792
486,486,3,3,187,755,14,7,3,1,1,0,1,25.4667
487,487,1,3,114,205,3,3,4,1,1,1,0,90.0
488,488,1,1,36,162,1,5,3,1,1,0,1,29.7
489,489,3,3,187,14,1,3,2,1,1,0,1,8.05
490,490,3,3,187,65,5,1,3,1,1,1,0,15.9
491,491,3,3,187,765,3,7,3,1,1,0,1,19.9667
492,492,3,3,187,889,1,3,1,1,1,0,1,7.25
493,493,1,3,83,137,1,5,3,1,1,0,1,30.5
494,494,1,1,187,825,1,6,4,1,1,0,1,49.5042
495,495,3,3,187,3,1,3,2,1,1,0,1,8.05
496,496,3,1,187,319,1,7,3,1,1,0,1,14.4583
497,497,1,1,124,711,3,5,4,1,1,1,0,78.2667
498,498,3,3,187,69,1,7,3,1,1,0,1,15.1
499,499,1,3,80,133,8,3,4,1,1,0,1,151.55
500,500,3,3,187,634,1,3,1,1,1,0,1,7.7958
501,501,3,3,187,434,1,2,2,1,1,0,1,8.6625
502,502,3,2,187,678,1,3,1,1,1,0,1,7.75
503,503,3,2,187,458,1,7,1,1,1,0,1,7.6292
504,504,3,3,187,757,1,4,2,1,1,0,1,9.5875
505,505,1,3,56,84,1,2,4,1,1,1,0,86.5
506,506,1,1,99,834,3,3,4,1,1,0,1,108.9
507,507,2,3,187,323,4,3,3,1,1,1,0,26.0
508,508,1,3,187,97,1,7,3,1,1,1,0,26.55
509,509,3,3,187,39,1,3,3,1,1,0,1,22.525
510,510,3,3,187,188,1,3,4,1,1,1,0,56.4958
511,511,3,2,187,742,1,3,1,1,1,1,0,7.75
512,512,3,3,187,888,1,7,2,1,1,0,1,8.05
513,513,1,3,154,791,1,4,3,1,1,1,0,26.2875
514,514,1,1,187,819,3,5,4,1,1,1,0,59.4
515,515,3,3,187,576,1,3,1,1,1,0,1,7.4958
516,516,1,3,139,713,1,4,4,1,1,0,1,34.0208
517,517,2,3,182,62,1,3,2,1,1,1,0,10.5
518,518,3,2,187,730,1,7,3,1,1,0,1,24.15
519,519,2,3,187,226,3,4,3,1,1,1,0,26.0
520,520,3,3,187,609,1,3,1,1,1,0,1,7.8958
521,521,1,3,53,170,1,3,4,1,1,1,0,93.5
522,522,3,3,187,619,1,3,1,1,1,0,1,7.8958
523,523,3,1,187,316,1,7,1,1,1,0,1,7.225
524,524,1,1,25,94,2,4,4,1,1,1,0,57.9792
525,525,3,1,187,379,1,7,1,1,1,0,1,7.2292
526,526,3,2,187,698,1,4,1,1,1,0,1,7.75
527,527,2,3,187,920,1,4,2,1,1,1,0,10.5
528,528,1,3,115,797,1,7,4,1,1,0,1,221.7792
529,529,3,3,187,420,1,4,2,1,1,0,1,7.925
530,530,2,3,187,403,9,3,2,1,1,0,1,11.5
531,531,2,3,187,323,5,1,3,1,1,1,0,26.0
532,532,3,1,187,324,1,7,1,1,1,0,1,7.2292
533,533,3,1,187,369,5,2,1,1,1,0,1,7.2292
534,534,3,1,187,346,4,7,3,1,1,1,0,22.3583
535,535,3,3,187,432,1,3,2,1,1,0,1,8.6625
536,536,2,3,187,79,4,1,3,1,1,1,0,26.25
537,537,1,3,37,114,1,4,3,1,1,0,1,26.55
538,538,1,1,187,837,1,3,4,1,1,1,0,106.425
539,539,3,3,187,671,1,7,3,1,1,0,1,14.5
540,540,1,1,38,181,4,3,4,1,1,1,0,49.5
541,541,1,3,28,929,4,4,4,1,1,1,0,71.0
542,542,3,3,187,543,21,1,3,1,1,0,1,31.275
543,543,3,3,187,543,21,1,3,1,1,0,1,31.275
544,544,2,3,187,401,3,3,3,1,1,1,0,26.0
545,545,1,1,108,837,3,4,4,1,1,0,1,106.425
546,546,1,3,187,770,1,5,3,1,1,0,1,26.0
547,547,2,3,187,401,3,3,3,1,1,1,0,26.0
548,548,2,1,187,853,1,7,2,1,1,1,0,13.8625
549,549,3,3,187,667,5,3,3,1,1,0,1,20.525
550,550,2,3,187,59,5,1,4,1,1,1,0,36.75
551,551,1,1,102,191,4,2,4,1,1,1,0,110.8833
552,552,2,3,187,280,1,3,3,1,1,0,1,26.0
553,553,3,2,187,474,1,7,1,1,1,0,1,7.8292
554,554,3,1,187,312,1,3,1,1,1,1,0,7.225
555,555,3,3,187,545,1,3,1,1,1,1,0,7.775
556,556,1,3,187,152,1,5,3,1,1,0,1,26.55
557,557,1,1,4,157,3,4,4,1,1,1,0,39.6
558,558,1,1,187,833,1,7,4,1,1,0,1,227.525
559,559,1,3,171,85,5,4,4,1,1,1,0,79.65
560,560,3,3,187,500,3,4,3,1,1,1,0,17.4
561,561,3,2,187,732,1,7,1,1,1,0,1,7.75
562,562,3,3,187,618,1,4,1,1,1,0,1,7.8958
563,563,2,3,187,218,1,3,2,1,1,0,1,13.5
564,564,3,3,187,891,1,7,2,1,1,0,1,8.05
565,565,3,3,187,887,1,7,2,1,1,0,1,8.05
566,566,3,3,187,4,6,3,3,1,1,0,1,24.15
567,567,3,3,187,572,1,3,1,1,1,0,1,7.8958
568,568,3,3,187,625,11,3,3,1,1,0,1,21.075
569,569,3,1,187,365,1,7,1,1,1,0,1,7.2292
570,570,3,3,187,656,1,3,1,1,1,1,0,7.8542
571,571,2,3,187,918,1,5,2,1,1,1,0,10.5
572,572,1,3,62,160,6,5,4,1,1,1,0,51.4792
573,573,1,3,154,792,1,4,3,1,1,1,0,26.3875
574,574,3,2,187,185,1,7,1,1,1,1,0,7.75
575,575,3,3,187,6,1,2,2,1,1,0,1,8.05
576,576,3,3,187,661,1,3,3,1,1,0,1,14.5
577,577,2,3,187,274,1,3,2,1,1,1,0,13.0
578,578,1,3,162,177,3,4,4,1,1,1,0,55.9
579,579,3,1,187,368,3,7,3,1,1,0,1,14.4583
580,580,3,3,187,904,1,3,2,1,1,1,0,7.925
581,581,2,3,187,259,5,3,3,1,1,1,0,30.0
582,582,1,1,100,191,5,4,4,1,1,1,0,110.8833
583,583,2,3,187,392,1,5,3,1,1,0,1,26.0
584,584,1,1,1,171,1,4,4,1,1,0,1,40.125
585,585,3,1,187,485,1,7,2,1,1,0,1,8.7125
586,586,1,3,172,85,4,3,4,1,1,1,0,79.65
587,587,2,3,187,252,1,4,3,1,1,0,1,15.0
588,588,1,1,40,180,5,5,4,1,1,1,0,79.2
589,589,3,3,187,187,1,3,2,1,1,0,1,8.05
590,590,3,3,187,11,1,7,2,1,1,0,1,8.05
591,591,3,3,187,899,1,3,1,1,1,0,1,7.125
592,592,1,1,124,711,3,5,4,1,1,1,0,78.2667
593,593,3,3,187,27,1,4,1,1,1,0,1,7.25
594,594,3,2,187,679,4,7,1,1,1,0,1,7.75
595,595,2,3,187,846,3,4,3,1,1,0,1,26.0
596,596,3,3,187,509,5,4,3,1,1,0,1,24.15
597,597,2,3,187,291,1,7,4,1,1,1,0,33.0
598,598,3,3,187,789,1,4,1,1,1,0,1,0.0
599,599,3,1,187,342,1,7,1,1,1,0,1,7.225
600,600,1,1,7,798,3,4,4,1,1,1,0,56.9292
601,601,2,3,187,273,9,3,3,1,1,1,0,27.0
602,602,3,3,187,581,1,7,1,1,1,0,1,7.8958
603,603,1,3,187,145,1,7,4,1,1,0,1,42.4
604,604,3,3,187,675,1,4,2,1,1,0,1,8.05
605,605,1,1,187,96,1,3,3,1,1,1,0,26.55
606,606,3,3,187,626,3,4,3,1,1,0,1,15.55
607,607,3,3,187,613,1,3,1,1,1,0,1,7.8958
608,608,1,3,187,150,1,3,3,1,1,1,0,30.5
609,609,2,1,187,861,8,3,4,1,1,1,0,41.5792
610,610,1,3,73,805,1,4,4,1,1,1,0,153.4625
611,611,3,3,187,543,20,4,3,1,1,0,1,31.275
612,612,3,3,187,876,1,7,1,1,1,0,1,7.05
613,613,3,2,187,696,3,7,3,1,1,1,0,15.5
614,614,3,2,187,727,1,7,1,1,1,0,1,7.75
615,615,3,3,187,676,1,3,2,1,1,0,1,8.05
616,616,2,3,187,222,8,3,4,1,1,1,0,65.0
617,617,3,3,187,541,5,3,2,1,1,0,1,14.4
618,618,3,3,187,31,3,3,3,1,1,0,1,16.1
619,619,2,3,184,230,9,1,4,1,1,1,0,39.0
620,620,2,3,187,424,1,3,2,1,1,0,1,10.5
621,621,3,1,187,337,3,3,2,1,1,0,1,14.4542
622,622,1,3,123,156,3,4,4,1,1,1,0,52.5542
623,623,3,1,187,331,5,3,3,1,1,1,0,15.7417
624,624,3,3,187,631,1,3,1,1,1,0,1,7.8542
625,625,3,3,187,762,1,3,3,1,1,0,1,16.1
626,626,1,3,143,712,1,5,4,1,1,0,1,32.3208
627,627,2,2,187,219,1,5,2,1,1,0,1,12.35
628,628,1,3,147,176,1,3,4,1,1,1,0,77.9583
629,629,3,3,187,591,1,3,1,1,1,0,1,7.8958
630,630,3,2,187,476,1,7,1,1,1,0,1,7.7333
631,631,1,3,9,380,1,6,3,1,1,1,0,30.0
632,632,3,3,187,562,1,5,1,1,1,0,1,7.0542
633,633,1,1,45,174,1,3,3,1,1,1,0,30.5
634,634,1,3,187,101,1,7,1,1,1,0,1,0.0
635,635,3,3,187,548,18,1,3,1,1,0,1,27.9
636,636,2,3,187,253,1,3,2,1,1,1,0,13.0
637,637,3,3,187,908,1,3,2,1,1,0,1,7.925
638,638,2,3,187,57,5,3,3,1,1,0,1,26.25
639,639,3,3,187,419,15,4,4,1,1,0,1,39.6875
640,640,3,3,187,738,3,7,3,1,1,0,1,16.1
641,641,3,3,187,642,1,3,1,1,1,0,1,7.8542
642,642,1,1,34,795,1,3,4,1,1,1,0,69.3
643,643,3,3,187,548,18,1,3,1,1,0,1,27.9
644,644,3,3,187,188,1,7,4,1,1,1,0,56.4958
645,645,3,1,187,344,9,1,3,1,1,1,0,19.2583
646,646,1,1,130,803,3,4,4,1,1,1,0,76.7292
647,647,3,3,187,598,1,3,1,1,1,0,1,7.8958
648,648,1,1,11,173,1,5,4,1,1,1,0,35.5
649,649,3,3,187,869,1,7,1,1,1,0,1,7.55
650,650,3,3,187,72,1,3,1,1,1,1,0,7.55
651,651,3,3,187,588,1,7,1,1,1,0,1,7.8958
652,652,2,3,187,233,2,3,3,1,1,1,0,23.0
653,653,3,3,187,786,1,3,2,1,1,0,1,8.4333
654,654,3,2,187,461,1,7,1,1,1,1,0,7.8292
655,655,3,2,187,687,1,3,1,1,1,0,1,6.75
656,656,2,3,187,863,6,3,4,1,1,0,1,73.5
657,657,3,3,187,590,1,7,1,1,1,0,1,7.8958
658,658,3,2,187,680,5,3,3,1,1,0,1,15.5
659,659,2,3,187,410,1,3,2,1,1,0,1,13.0
660,660,1,1,141,657,4,5,4,1,1,0,1,113.275
661,661,1,3,187,827,6,4,4,1,1,1,0,133.65
662,662,3,1,187,315,1,4,1,1,1,0,1,7.225
663,663,1,3,168,763,1,4,3,1,1,0,1,25.5875
664,664,3,3,187,577,1,4,1,1,1,0,1,7.4958
665,665,3,3,187,903,3,3,2,1,1,1,0,7.925
666,666,2,3,187,863,6,3,4,1,1,0,1,73.5
667,667,2,3,187,241,1,3,2,1,1,0,1,13.0
668,668,3,3,187,427,1,7,1,1,1,0,1,7.775
669,669,3,3,187,24,1,4,2,1,1,0,1,8.05
670,670,1,3,74,211,3,7,4,1,1,1,0,52.0
671,671,2,3,187,409,5,4,4,1,1,1,0,39.0
672,672,1,3,52,76,3,3,4,1,1,0,1,52.0
673,673,2,3,187,48,1,6,2,1,1,0,1,10.5
674,674,2,3,187,276,1,3,2,1,1,1,0,13.0
675,675,2,3,187,265,1,7,1,1,1,0,1,0.0
676,676,3,3,187,628,1,3,1,1,1,0,1,7.775
677,677,3,3,187,491,1,3,2,1,1,0,1,8.05
678,678,3,3,187,760,1,3,2,1,1,1,0,9.8417
679,679,3,3,187,70,22,4,4,1,1,0,1,46.9
680,680,1,1,46,831,2,4,4,1,1,1,0,512.3292
681,681,3,2,187,467,1,7,2,1,1,0,1,8.1375
682,682,1,1,142,803,1,3,4,1,1,1,0,76.7292
683,683,3,3,187,768,1,3,2,1,1,0,1,9.225
684,684,3,3,187,70,23,2,4,1,1,0,1,46.9
685,685,2,3,187,409,5,5,4,1,1,0,1,39.0
686,686,2,1,187,861,8,3,4,1,1,0,1,41.5792
687,687,3,3,187,419,19,2,4,1,1,0,1,39.6875
688,688,3,3,187,595,1,3,2,1,1,0,1,10.1708
689,689,3,3,187,635,1,3,1,1,1,0,1,7.7958
690,690,1,3,44,271,2,2,4,1,1,1,0,211.3375
691,691,1,3,27,197,3,3,4,1,1,1,0,57.0
692,692,3,1,187,623,2,1,2,1,1,1,0,13.4167
693,693,3,3,187,188,1,7,4,1,1,1,0,56.4958
694,694,3,1,187,351,1,3,1,1,1,0,1,7.225
695,695,1,3,187,147,1,5,3,1,1,0,1,26.55
696,696,2,3,187,292,1,5,2,1,1,0,1,13.5
697,697,3,3,187,669,1,4,2,1,1,0,1,8.05
698,698,3,2,187,660,1,7,1,1,1,1,0,7.7333
699,699,1,1,100,191,5,4,4,1,1,0,1,110.8833
700,700,3,3,179,563,1,4,1,1,1,0,1,7.65
701,701,1,1,98,833,3,3,4,1,1,1,0,227.525
702,702,1,3,153,793,1,3,3,1,1,1,0,26.2875
703,703,3,1,187,370,2,3,2,1,1,0,1,14.4542
704,704,3,2,187,704,1,3,1,1,1,0,1,7.7417
705,705,3,3,187,629,3,3,1,1,1,0,1,7.8542
706,706,2,3,187,310,1,4,3,1,1,0,1,26.0
707,707,2,3,187,224,1,4,2,1,1,1,0,13.5
708,708,1,3,153,794,1,4,3,1,1,1,0,26.2875
709,709,1,3,187,133,1,3,4,1,1,1,0,151.55
710,710,3,1,187,339,5,7,3,1,1,1,0,15.2458
711,711,1,1,111,796,1,3,4,1,1,1,0,49.5042
712,712,1,3,72,110,1,7,3,1,1,0,1,26.55
713,713,1,3,74,211,3,4,4,1,1,1,0,52.0
714,714,3,3,187,778,1,3,2,1,1,0,1,9.4833
715,715,2,3,187,303,1,5,2,1,1,0,1,13.0
716,716,3,3,180,566,1,3,1,1,1,0,1,7.65
717,717,1,1,87,833,1,4,4,1,1,1,0,227.525
718,718,2,3,149,487,1,3,2,1,1,1,0,10.5
719,719,3,2,187,690,1,7,3,1,1,0,1,15.5
720,720,3,3,187,523,1,3,1,1,1,0,1,7.775
721,721,2,3,187,291,2,1,4,1,1,1,0,33.0
722,722,3,3,187,641,3,2,1,1,1,0,1,7.0542
723,723,2,3,187,168,1,3,2,1,1,0,1,13.0
724,724,2,3,187,300,1,4,2,1,1,0,1,13.0
725,725,1,3,174,151,3,3,4,1,1,1,0,53.1
726,726,3,3,187,442,1,3,2,1,1,0,1,8.6625
727,727,2,3,187,423,10,3,3,1,1,1,0,21.0
728,728,3,2,187,706,1,7,1,1,1,1,0,7.7375
729,729,2,3,187,246,3,3,3,1,1,0,1,26.0
730,730,3,3,187,912,3,3,2,1,1,0,1,7.925
731,731,1,3,44,271,1,3,4,1,1,1,0,211.3375
732,732,3,1,187,378,1,1,3,1,1,0,1,18.7875
733,733,2,3,187,264,1,7,1,1,1,0,1,0.0
734,734,2,3,187,395,1,3,2,1,1,0,1,13.0
735,735,2,3,187,236,1,3,2,1,1,0,1,13.0
736,736,3,3,187,762,1,3,3,1,1,0,1,16.1
737,737,3,3,187,925,12,4,4,1,1,0,1,34.375
738,738,1,1,22,831,1,3,4,1,1,1,0,512.3292
739,739,3,3,187,568,1,7,1,1,1,0,1,7.8958
740,740,3,3,187,585,1,7,1,1,1,0,1,7.8958
741,741,1,3,138,190,1,7,3,1,1,1,0,30.0
742,742,1,3,88,202,3,4,4,1,1,0,1,78.85
743,743,1,1,48,824,13,3,4,1,1,1,0,262.375
744,744,3,3,187,739,3,3,3,1,1,0,1,16.1
745,745,3,3,187,905,1,3,2,1,1,1,0,7.925
746,746,1,3,28,929,5,6,4,1,1,0,1,71.0
747,747,3,3,187,49,5,2,3,1,1,0,1,20.25
748,748,2,3,187,304,1,3,2,1,1,1,0,13.0
749,749,1,3,129,129,3,3,4,1,1,0,1,53.1
750,750,3,2,187,479,1,3,1,1,1,0,1,7.75
751,751,2,3,187,402,5,1,3,1,1,1,0,23.0
752,752,3,3,151,753,2,1,2,1,1,1,0,12.475
753,753,3,3,187,515,1,3,2,1,1,0,1,9.5
754,754,3,3,187,571,1,3,1,1,1,0,1,7.8958
755,755,2,3,187,222,8,4,4,1,1,1,0,65.0
756,756,2,3,187,305,5,1,3,1,1,1,0,14.5
757,757,3,3,187,636,1,3,1,1,1,0,1,7.7958
758,758,2,3,187,407,1,3,2,1,1,0,1,11.5
759,759,3,3,187,668,1,3,2,1,1,0,1,8.05
760,760,1,3,54,84,1,3,4,1,1,1,0,86.5
761,761,3,3,187,661,1,7,3,1,1,0,1,14.5
762,762,3,3,187,871,1,4,1,1,1,0,1,7.125
763,763,3,1,187,341,1,3,1,1,1,1,0,7.2292
764,764,1,3,61,127,8,4,4,1,1,1,0,120.0
765,765,3,3,187,535,1,2,1,1,1,0,1,7.775
766,766,1,3,120,176,3,5,4,1,1,1,0,77.9583
767,767,1,1,187,108,1,7,4,1,1,0,1,39.6
768,768,3,2,187,681,1,3,1,1,1,0,1,7.75
769,769,3,2,187,730,3,7,3,1,1,0,1,24.15
770,770,3,3,187,785,1,3,2,1,1,0,1,8.3625
771,771,3,3,187,516,1,3,2,1,1,0,1,9.5
772,772,3,3,187,640,1,4,1,1,1,0,1,7.8542
773,773,2,3,173,868,1,5,2,1,1,0,1,10.5
774,774,3,1,187,353,1,7,1,1,1,0,1,7.225
775,775,2,3,187,404,12,5,3,1,1,1,0,23.0
776,776,3,3,187,539,1,3,1,1,1,0,1,7.75
777,777,3,2,183,745,1,7,1,1,1,0,1,7.75
778,778,3,3,187,677,1,1,2,1,1,1,0,12.475
779,779,3,2,187,705,1,7,1,1,1,0,1,7.7375
780,780,1,3,32,271,2,4,4,1,1,1,0,211.3375
781,781,3,1,187,366,1,2,1,1,1,1,0,7.2292
782,782,1,3,27,197,3,2,4,1,1,1,0,57.0
783,783,1,3,145,120,1,3,3,1,1,0,1,30.0
784,784,3,3,187,924,8,7,3,1,1,0,1,23.45
785,785,3,3,187,883,1,3,1,1,1,0,1,7.05
786,786,3,3,187,735,1,3,1,1,1,0,1,7.25
787,787,3,3,187,412,1,3,1,1,1,1,0,7.4958
788,788,3,2,187,743,19,1,3,1,1,0,1,29.125
789,789,3,3,187,46,8,1,3,1,1,1,0,20.575
790,790,1,1,58,810,1,4,4,1,1,0,1,79.2
791,791,3,2,187,169,1,7,1,1,1,0,1,7.75
792,792,2,3,187,266,1,2,3,1,1,0,1,26.0
793,793,3,3,187,73,25,7,4,1,1,0,1,69.55
794,794,1,1,187,817,1,7,3,1,1,0,1,30.6958
795,795,3,3,187,570,1,3,1,1,1,0,1,7.8958
796,796,2,3,187,388,1,4,2,1,1,0,1,13.0
797,797,1,3,122,195,1,4,3,1,1,1,0,25.9292
798,798,3,3,187,611,1,3,2,1,1,1,0,8.6833
799,799,3,1,187,364,1,3,1,1,1,0,1,7.2292
800,800,3,3,187,509,5,3,3,1,1,0,1,24.15
801,801,2,3,187,303,1,3,2,1,1,0,1,13.0
802,802,2,3,187,57,5,3,3,1,1,1,0,26.25
803,803,1,3,61,127,8,1,4,1,1,1,0,120.0
804,804,3,1,187,317,2,1,2,1,1,1,0,8.5167
805,805,3,3,187,549,1,3,1,1,1,1,0,6.975
806,806,3,3,187,524,1,3,1,1,1,0,1,7.775
807,807,1,3,16,99,1,4,1,1,1,0,1,0.0
808,808,3,3,187,547,1,3,1,1,1,0,1,7.775
809,809,2,3,187,289,1,4,2,1,1,0,1,13.0
810,810,1,3,174,151,3,3,4,1,1,1,0,53.1
811,811,3,3,187,552,1,3,1,1,1,0,1,7.8875
812,812,3,3,187,4,1,4,3,1,1,0,1,24.15
813,813,2,3,187,387,1,3,2,1,1,0,1,10.5
814,814,3,3,187,543,21,1,3,1,1,0,1,31.275
815,815,3,3,187,672,1,3,2,1,1,0,1,8.05
816,816,1,3,23,103,1,7,1,1,1,0,1,0.0
817,817,3,3,187,916,1,3,2,1,1,0,1,7.925
818,818,2,1,187,850,5,3,4,1,1,0,1,37.0042
819,819,3,3,187,40,1,4,1,1,1,0,1,6.45
820,820,3,3,187,548,18,1,3,1,1,0,1,27.9
821,821,1,3,51,170,5,5,4,1,1,1,0,93.5
822,822,3,3,187,446,1,3,2,1,1,1,0,8.6625
823,823,1,3,187,209,1,4,1,1,1,0,1,0.0
824,824,3,3,151,753,2,3,2,1,1,1,0,12.475
825,825,3,3,187,419,19,1,4,1,1,0,1,39.6875
826,826,3,2,187,700,1,7,1,1,1,0,1,6.95
827,827,3,3,187,188,1,7,4,1,1,0,1,56.4958
828,828,2,1,187,850,4,1,4,1,1,1,0,37.0042
829,829,3,2,187,694,1,7,1,1,1,1,0,7.75
830,830,1,4,31,126,1,5,4,1,1,1,0,80.0
831,831,3,1,187,337,3,2,2,1,1,1,0,14.4542
832,832,2,3,187,405,5,1,3,1,1,1,0,18.75
833,833,3,1,187,350,1,7,1,1,1,0,1,7.2292
834,834,3,3,187,557,1,3,1,1,1,0,1,7.8542
835,835,3,3,187,223,1,3,2,1,1,0,1,8.3
836,836,1,1,165,832,5,4,4,1,1,1,0,83.1583
837,837,3,3,187,445,1,3,2,1,1,0,1,8.6625
838,838,3,3,187,751,1,7,2,1,1,0,1,8.05
839,839,3,3,187,188,1,3,4,1,1,1,0,56.4958
840,840,1,1,89,163,1,7,3,1,1,1,0,29.7
841,841,3,3,187,873,1,3,2,1,1,0,1,7.925
842,842,2,3,187,868,1,2,2,1,1,0,1,10.5
843,843,1,1,187,146,1,3,3,1,1,1,0,31.0
844,844,3,1,187,362,1,3,1,1,1,0,1,6.4375
845,845,3,3,187,438,1,2,2,1,1,0,1,8.6625
846,846,3,3,187,68,1,4,1,1,1,0,1,7.55
847,847,3,3,187,73,25,7,4,1,1,0,1,69.55
848,848,3,1,187,580,1,3,1,1,1,0,1,7.8958
849,849,2,3,187,291,2,3,4,1,1,0,1,33.0
850,850,1,1,113,192,3,7,4,1,1,1,0,89.1042
851,851,3,3,187,543,21,1,3,1,1,0,1,31.275
852,852,3,3,187,521,1,6,1,1,1,0,1,7.775
853,853,3,1,187,357,5,1,3,1,1,0,1,15.2458
854,854,1,3,128,809,2,2,4,1,1,1,0,39.4
855,855,2,3,187,275,3,4,3,1,1,0,1,26.0
856,856,3,3,187,750,2,3,2,1,1,1,0,9.35
857,857,1,3,187,710,5,4,4,1,1,1,0,164.8667
858,858,1,3,152,117,1,5,3,1,1,1,0,26.55
859,859,3,1,187,344,7,3,3,1,1,1,0,19.2583
860,860,3,1,187,321,1,7,1,1,1,0,1,7.2292
861,861,3,3,187,630,6,4,2,1,1,0,1,14.1083
862,862,2,3,187,386,3,3,2,1,1,0,1,11.5
863,863,1,3,122,196,1,4,3,1,1,1,0,25.9292
864,864,3,3,187,73,25,7,4,1,1,0,1,69.55
865,865,2,3,187,238,1,3,2,1,1,0,1,13.0
866,866,2,3,187,245,1,4,2,1,1,1,0,13.0
867,867,2,1,187,856,3,3,2,1,1,1,0,13.8583
868,868,1,3,10,807,1,3,4,1,1,0,1,50.4958
869,869,3,3,187,512,1,7,2,1,1,0,1,9.5
870,870,3,3,187,561,5,1,2,1,1,1,0,11.1333
871,871,3,3,187,615,1,3,1,1,1,0,1,7.8958
872,872,1,3,132,154,5,4,4,1,1,1,0,52.5542
873,873,1,3,46,772,1,3,1,1,1,0,1,5.0
874,874,3,3,187,503,1,4,2,1,1,0,1,9.0
875,875,2,1,187,840,3,3,3,1,1,1,0,24.0
876,876,3,1,187,345,1,2,1,1,1,1,0,7.225
877,877,3,3,187,775,1,3,2,1,1,0,1,9.8458
878,878,3,3,187,579,1,3,1,1,1,0,1,7.8958
879,879,3,3,187,584,1,7,1,1,1,0,1,7.8958
880,880,1,1,91,159,2,5,4,1,1,1,0,83.1583
881,881,2,3,187,231,2,3,3,1,1,1,0,26.0
882,882,3,3,187,624,1,3,1,1,1,0,1,7.8958
883,883,3,3,187,781,1,3,2,1,1,0,1,10.5167
884,884,2,3,187,74,1,3,2,1,1,0,1,10.5
885,885,3,3,187,890,1,3,1,1,1,0,1,7.05
886,886,3,2,187,743,15,4,3,1,1,0,1,29.125
887,887,2,3,187,214,1,3,2,1,1,0,1,13.0
888,888,1,3,41,102,1,3,3,1,1,1,0,30.0
889,889,3,3,187,924,8,7,3,1,1,0,1,23.45
890,890,1,1,78,95,1,3,3,1,1,1,0,30.0
891,891,3,2,187,726,1,3,1,1,1,0,1,7.75
892,892,3,2,187,460,1,3,1,2,1,0,1,7.8292
893,893,3,3,187,666,3,4,1,2,1,1,0,7.0
894,894,2,2,187,268,1,5,2,2,1,0,1,9.6875
895,895,3,3,187,450,1,3,2,2,1,0,1,8.6625
896,896,3,3,187,422,5,3,2,2,1,1,0,12.2875
897,897,3,3,187,776,1,2,2,2,1,0,1,9.225
898,898,3,2,187,473,1,3,1,2,1,1,0,7.6292
899,899,2,3,187,295,5,3,3,2,1,0,1,29.0
900,900,3,1,187,335,1,3,1,2,1,1,0,7.2292
901,901,3,3,187,4,6,3,3,2,1,0,1,24.15
902,902,3,3,187,587,1,7,1,2,1,0,1,7.8958
903,903,1,3,187,771,1,4,3,2,1,0,1,26.0
904,904,1,3,42,215,3,3,4,2,1,1,0,82.2667
905,905,2,3,187,269,3,5,3,2,1,0,1,26.0
906,906,1,3,155,928,3,4,4,2,1,1,0,61.175
907,907,2,1,187,859,3,3,3,2,1,1,0,27.7208
908,908,2,2,187,237,1,3,2,2,1,0,1,12.35
909,909,3,1,187,371,1,3,1,2,1,0,1,7.225
910,910,3,3,187,911,3,3,2,2,1,1,0,7.925
911,911,3,1,187,375,1,4,1,2,1,1,0,7.225
912,912,1,1,187,819,3,5,4,2,1,0,1,59.4
913,913,3,3,187,37,2,1,1,2,1,0,1,3.1708
914,914,1,3,187,815,1,7,4,2,1,1,0,31.6833
915,915,1,1,187,814,2,3,4,2,1,0,1,61.3792
916,916,1,1,48,824,12,4,4,2,1,1,0,262.375
917,917,3,3,187,32,3,4,3,2,1,0,1,14.5
918,918,1,1,35,123,2,3,4,2,1,1,0,61.9792
919,919,3,1,187,377,1,3,1,2,1,0,1,7.225
920,920,1,3,8,116,1,4,3,2,1,0,1,30.5
921,921,3,1,187,340,6,7,3,2,1,0,1,21.6792
922,922,2,3,187,847,3,4,3,2,1,0,1,26.0
923,923,2,3,187,55,6,3,4,2,1,0,1,31.5
924,924,3,3,187,46,8,3,3,2,1,1,0,20.575
925,925,3,3,187,924,8,7,3,2,1,1,0,23.45
926,926,1,1,103,175,3,3,4,2,1,0,1,57.75
927,927,3,1,187,361,1,3,1,2,1,0,1,7.2292
928,928,3,3,187,490,1,7,2,2,1,1,0,8.05
929,929,3,3,187,435,1,3,2,2,1,1,0,8.6625
930,930,3,3,187,505,1,3,2,2,1,0,1,9.5
931,931,3,3,187,188,1,7,4,2,1,0,1,56.4958
932,932,3,1,187,623,2,4,2,2,1,0,1,13.4167
933,933,1,3,131,131,1,7,3,2,1,0,1,26.55
934,934,3,3,187,875,1,4,1,2,1,0,1,7.85
935,935,2,3,187,249,1,3,2,2,1,1,0,13.0
936,936,1,3,123,156,3,4,4,2,1,1,0,52.5542
937,937,3,3,187,907,1,3,2,2,1,0,1,7.925
938,938,1,1,20,811,1,4,3,2,1,0,1,29.7
939,939,3,2,187,724,1,7,1,2,1,0,1,7.75
940,940,1,1,121,165,1,5,4,2,1,1,0,76.2917
941,941,3,3,187,65,4,4,3,2,1,1,0,15.9
942,942,1,3,84,182,3,3,4,2,1,0,1,60.0
943,943,2,1,187,860,1,3,3,2,1,0,1,15.0333
944,944,2,3,187,404,9,3,3,2,1,1,0,23.0
945,945,1,3,81,207,18,3,4,2,1,1,0,263.0
946,946,2,1,187,843,1,7,3,2,1,0,1,15.5792
947,947,3,2,187,743,19,1,3,2,1,0,1,29.125
948,948,3,3,187,597,1,3,1,2,1,0,1,7.8958
949,949,3,3,179,564,1,3,1,2,1,0,1,7.65
950,950,3,3,187,749,3,7,3,2,1,0,1,16.1
951,951,1,1,50,824,1,4,4,2,1,1,0,262.375
952,952,3,3,187,599,1,2,1,2,1,0,1,7.8958
953,953,2,3,187,248,1,3,2,2,1,0,1,13.5
954,954,3,3,187,550,1,3,1,2,1,0,1,7.75
955,955,3,2,187,477,1,3,1,2,1,1,0,7.725
956,956,1,1,48,824,13,2,4,2,1,0,1,262.375
957,957,2,3,187,81,1,7,3,2,1,1,0,21.0
958,958,3,2,187,470,1,3,1,2,1,1,0,7.8792
959,959,1,3,187,145,1,4,4,2,1,0,1,42.4
960,960,1,1,94,311,1,3,3,2,1,0,1,28.5375
961,961,1,3,81,207,16,5,4,2,1,1,0,263.0
962,962,3,2,187,744,1,3,1,2,1,1,0,7.75
963,963,3,3,187,578,1,3,1,2,1,0,1,7.8958
964,964,3,3,187,421,1,3,2,2,1,1,0,7.925
965,965,1,1,137,801,1,3,3,2,1,0,1,27.7208
966,966,1,1,76,121,1,3,4,2,1,1,0,211.5
967,967,1,1,77,121,1,3,4,2,1,0,1,211.5
968,968,3,3,187,662,1,7,2,2,1,0,1,8.05
969,969,1,3,62,161,6,5,3,2,1,1,0,25.7
970,970,2,3,187,297,1,3,2,2,1,0,1,13.0
971,971,3,2,187,707,1,3,1,2,1,1,0,7.75
972,972,3,1,187,357,5,1,3,2,1,0,1,15.2458
973,973,1,3,96,797,3,6,4,2,1,0,1,221.7792
974,974,1,3,187,203,1,4,3,2,1,0,1,26.0
975,975,3,3,187,605,1,7,1,2,1,0,1,7.8958
976,976,2,2,187,267,1,7,2,2,1,0,1,10.7083
977,977,3,1,187,338,3,7,2,2,1,0,1,14.4542
978,978,3,2,187,456,1,3,1,2,1,1,0,7.8792
979,979,3,3,187,2,1,3,2,2,1,1,0,8.05
980,980,3,2,187,683,1,7,1,2,1,1,0,7.75
981,981,2,3,187,402,5,1,3,2,1,0,1,23.0
982,982,3,3,187,533,3,3,2,2,1,1,0,13.9
983,983,3,3,187,498,1,7,1,2,1,0,1,7.775
984,984,1,3,52,76,8,3,4,2,1,1,0,52.0
985,985,3,3,187,737,1,7,2,2,1,0,1,8.05
986,986,1,1,187,183,1,3,3,2,1,0,1,26.0
987,987,3,3,187,632,1,3,1,2,1,0,1,7.7958
988,988,1,3,88,202,3,6,4,2,1,1,0,78.85
989,989,3,3,187,897,1,3,2,2,1,0,1,7.925
990,990,3,3,187,560,1,3,1,2,1,1,0,7.8542
991,991,3,3,187,12,1,3,2,2,1,0,1,8.05
992,992,1,1,69,164,3,4,4,2,1,1,0,55.4417
993,993,2,3,187,227,3,3,3,2,1,0,1,26.0
994,994,3,2,187,688,1,7,1,2,1,0,1,7.75
995,995,3,3,187,531,1,3,1,2,1,0,1,7.775
996,996,3,1,187,317,5,2,2,2,1,1,0,8.5167
997,997,3,3,187,39,1,3,3,2,1,0,1,22.525
998,998,3,2,187,462,1,3,1,2,1,0,1,7.8208
999,999,3,2,187,747,1,7,1,2,1,0,1,7.75
1000,1000,3,3,187,484,1,7,2,2,1,0,1,8.7125
1001,1001,2,3,175,294,1,3,2,2,1,0,1,13.0
1002,1002,2,1,187,256,1,4,3,2,1,0,1,15.0458
1003,1003,3,2,187,471,1,7,1,2,1,1,0,7.7792
1004,1004,1,1,12,799,1,4,4,2,1,1,0,31.6792
1005,1005,3,2,187,455,1,3,1,2,1,1,0,7.2833
1006,1006,1,3,96,797,3,5,4,2,1,1,0,221.7792
1007,1007,3,1,187,359,3,3,2,2,1,0,1,14.4542
1008,1008,3,1,187,360,1,7,1,2,1,0,1,6.4375
1009,1009,3,3,185,839,5,1,3,2,1,1,0,16.7
1010,1010,1,1,97,172,1,4,4,2,1,0,1,75.2417
1011,1011,2,3,187,846,3,3,3,2,1,1,0,26.0
1012,1012,2,3,187,60,1,1,3,2,1,1,0,15.75
1013,1013,3,2,187,693,3,7,1,2,1,0,1,7.75
1014,1014,1,1,82,175,3,3,4,2,1,1,0,57.75
1015,1015,3,3,187,752,1,3,1,2,1,0,1,7.25
1016,1016,3,2,187,709,1,7,1,2,1,0,1,7.75
1017,1017,3,3,187,731,2,2,3,2,1,1,0,16.1
1018,1018,3,3,187,638,1,3,1,2,1,0,1,7.7958
1019,1019,3,2,187,692,6,7,3,2,1,1,0,23.25
1020,1020,2,3,187,213,1,4,2,2,1,0,1,13.0
1021,1021,3,3,187,488,1,3,2,2,1,0,1,8.05
1022,1022,3,3,187,917,1,3,2,2,1,0,1,8.05
1023,1023,1,1,92,132,1,5,3,2,1,0,1,28.5
1024,1024,3,3,187,755,11,7,3,2,1,1,0,25.4667
1025,1025,3,1,187,313,3,7,1,2,1,0,1,6.4375
1026,1026,3,3,187,593,1,4,1,2,1,0,1,7.8958
1027,1027,3,3,187,653,1,3,1,2,1,0,1,7.8542
1028,1028,3,1,187,334,1,3,1,2,1,0,1,7.225
1029,1029,2,3,187,286,1,3,2,2,1,0,1,13.0
1030,1030,3,3,187,892,1,3,2,2,1,1,0,8.05
1031,1031,3,3,187,70,22,4,4,2,1,0,1,46.9
1032,1032,3,3,187,70,23,1,4,2,1,1,0,46.9
1033,1033,1,3,187,133,1,3,4,2,1,1,0,151.55
1034,1034,1,1,48,824,12,5,4,2,1,0,1,262.375
1035,1035,2,3,187,280,1,3,3,2,1,0,1,26.0
1036,1036,1,3,187,198,1,4,3,2,1,0,1,26.55
1037,1037,3,3,187,501,10,3,3,2,1,0,1,18.0
1038,1038,1,3,164,193,1,7,4,2,1,0,1,51.8625
1039,1039,3,3,187,845,1,3,2,2,1,0,1,8.05
1040,1040,1,3,187,141,1,7,3,2,1,0,1,26.55
1041,1041,2,3,187,307,5,3,3,2,1,0,1,26.0
1042,1042,1,1,95,159,2,3,4,2,1,1,0,83.1583
1043,1043,3,1,187,622,1,7,1,2,1,0,1,7.8958
1044,1044,3,3,187,715,1,5,5,2,1,0,1,
1045,1045,3,3,187,649,4,4,2,2,1,1,0,12.1833
1046,1046,3,3,187,538,21,2,4,2,1,0,1,31.3875
1047,1047,3,3,187,870,1,3,1,2,1,0,1,7.55
1048,1048,1,3,116,797,1,3,4,2,1,1,0,221.7792
1049,1049,3,3,187,558,1,3,1,2,1,1,0,7.8542
1050,1050,1,3,126,88,1,4,3,2,1,0,1,26.55
1051,1051,3,3,187,885,4,3,2,2,1,1,0,13.775
1052,1052,3,2,187,480,1,7,1,2,1,1,0,7.7333
1053,1053,3,1,187,328,5,1,3,2,1,0,1,15.2458
1054,1054,2,3,187,221,1,3,2,2,1,1,0,13.5
1055,1055,3,3,187,494,1,7,1,2,1,0,1,7.0
1056,1056,2,3,187,250,1,4,2,2,1,0,1,13.0
1057,1057,3,3,187,449,5,3,3,2,1,1,0,22.025
1058,1058,1,1,21,808,1,4,4,2,1,0,1,50.4958
1059,1059,3,3,187,925,13,3,4,2,1,0,1,34.375
1060,1060,1,1,187,201,1,7,3,2,1,1,0,27.7208
1061,1061,3,3,187,780,1,3,2,2,1,1,0,8.9625
1062,1062,3,3,187,867,1,7,1,2,1,0,1,7.55
1063,1063,3,1,187,348,1,3,1,2,1,0,1,7.225
1064,1064,3,3,187,533,3,3,2,2,1,0,1,13.9
1065,1065,3,1,187,352,1,7,1,2,1,0,1,7.2292
1066,1066,3,3,187,538,20,4,4,2,1,0,1,31.3875
1067,1067,2,3,187,409,4,2,4,2,1,1,0,39.0
1068,1068,2,3,187,59,1,3,4,2,1,1,0,36.75
1069,1069,1,1,69,164,3,5,4,2,1,0,1,55.4417
1070,1070,2,3,184,230,7,4,4,2,1,1,0,39.0
1071,1071,1,1,163,832,4,5,4,2,1,1,0,83.1583
1072,1072,2,3,187,235,1,3,2,2,1,0,1,13.0
1073,1073,1,1,167,832,5,4,4,2,1,0,1,83.1583
1074,1074,1,3,129,129,3,3,4,2,1,1,0,53.1
1075,1075,3,2,187,784,1,7,1,2,1,0,1,7.75
1076,1076,1,1,49,800,5,3,4,2,1,1,0,247.5208
1077,1077,2,3,187,261,1,4,3,2,1,0,1,16.0
1078,1078,2,3,187,866,2,3,3,2,1,1,0,21.0
1079,1079,3,3,187,5,6,2,2,2,1,0,1,8.05
1080,1080,3,3,187,73,25,7,4,2,1,1,0,69.55
1081,1081,2,3,187,390,1,4,2,2,1,0,1,13.0
1082,1082,2,3,187,226,3,3,3,2,1,0,1,26.0
1083,1083,1,3,187,91,1,7,3,2,1,0,1,26.0
1084,1084,3,3,187,33,5,1,3,2,1,0,1,14.5
1085,1085,2,2,187,243,1,5,2,2,1,0,1,12.35
1086,1086,2,3,187,389,4,1,4,2,1,0,1,32.5
1087,1087,3,3,187,554,1,3,1,2,1,0,1,7.8542
1088,1088,1,1,157,189,4,1,4,2,1,0,1,134.5
1089,1089,3,3,187,527,1,3,1,2,1,1,0,7.775
1090,1090,2,3,187,56,1,3,2,2,1,0,1,10.5
1091,1091,3,3,187,766,1,7,2,2,1,1,0,8.1125
1092,1092,3,2,187,690,1,7,3,2,1,1,0,15.5
1093,1093,3,3,187,541,4,1,2,2,1,0,1,14.4
1094,1094,1,1,98,833,3,4,4,2,1,0,1,227.525
1095,1095,2,3,187,323,5,1,3,2,1,1,0,26.0
1096,1096,2,3,187,61,1,3,2,2,1,0,1,10.5
1097,1097,1,1,187,77,1,7,3,2,1,0,1,25.7417
1098,1098,3,2,187,787,1,3,1,2,1,1,0,7.75
1099,1099,2,3,187,384,1,3,2,2,1,0,1,10.5
1100,1100,1,1,2,829,1,3,3,2,1,1,0,27.7208
1101,1101,3,3,187,617,1,3,1,2,1,0,1,7.8958
1102,1102,3,3,187,39,1,3,3,2,1,0,1,22.525
1103,1103,3,3,187,879,1,7,1,2,1,0,1,7.05
1104,1104,2,3,187,863,1,2,4,2,1,0,1,73.5
1105,1105,2,3,187,269,3,5,3,2,1,1,0,26.0
1106,1106,3,3,187,551,21,4,1,2,1,1,0,7.775
1107,1107,1,3,24,111,1,4,4,2,1,0,1,42.5
1108,1108,3,2,187,464,1,7,1,2,1,1,0,7.8792
1109,1109,1,3,187,710,5,5,4,2,1,0,1,164.8667
1110,1110,1,1,104,121,5,4,4,2,1,1,0,211.5
1111,1111,3,3,187,451,1,7,2,2,1,0,1,8.05
1112,1112,2,1,187,855,3,3,2,2,1,1,0,13.8583
1113,1113,3,3,187,489,1,3,2,2,1,0,1,8.05
1114,1114,2,3,182,923,1,3,2,2,1,1,0,10.5
1115,1115,3,3,187,644,1,3,1,2,1,0,1,7.7958
1116,1116,1,1,187,822,1,5,3,2,1,1,0,27.4458
1117,1117,3,1,187,339,4,7,3,2,1,1,0,15.2458
1118,1118,3,3,187,645,1,3,1,2,1,0,1,7.7958
1119,1119,3,2,187,718,1,7,1,2,1,1,0,7.75
1120,1120,3,3,187,69,1,4,3,2,1,0,1,15.1
1121,1121,2,3,187,272,1,4,2,2,1,0,1,13.0
1122,1122,2,3,187,222,1,2,4,2,1,0,1,65.0
1123,1123,1,3,187,144,1,3,3,2,1,1,0,26.55
1124,1124,3,3,187,413,3,3,1,2,1,0,1,6.4958
1125,1125,3,2,187,472,1,7,1,2,1,0,1,7.8792
1126,1126,1,1,107,816,3,4,4,2,1,0,1,71.2833
1127,1127,3,3,187,655,1,3,1,2,1,0,1,7.8542
1128,1128,1,1,134,90,3,5,4,2,1,0,1,75.25
1129,1129,3,1,187,358,1,3,1,2,1,0,1,7.225
1130,1130,2,3,187,306,5,3,2,2,1,1,0,13.0
1131,1131,1,1,108,837,3,4,4,2,1,1,0,106.425
1132,1132,1,1,187,106,1,5,3,2,1,1,0,27.7208
1133,1133,2,3,187,259,4,4,3,2,1,1,0,30.0
1134,1134,1,1,157,189,5,4,4,2,1,0,1,134.5
1135,1135,3,3,187,519,1,7,1,2,1,0,1,7.8875
1136,1136,3,3,187,924,8,7,3,2,1,0,1,23.45
1137,1137,1,3,125,194,3,4,4,2,1,0,1,51.8625
1138,1138,2,3,187,81,1,3,3,2,1,1,0,21.0
1139,1139,2,3,187,389,5,4,4,2,1,0,1,32.5
1140,1140,2,3,187,349,3,3,3,2,1,1,0,26.0
1141,1141,3,1,187,338,3,7,2,2,1,1,0,14.4542
1142,1142,2,3,187,64,8,1,3,2,1,1,0,27.75
1143,1143,3,3,187,872,1,3,2,2,1,0,1,7.925
1144,1144,1,1,110,178,3,3,4,2,1,0,1,136.7792
1145,1145,3,3,187,773,1,3,2,2,1,0,1,9.325
1146,1146,3,3,187,511,1,3,2,2,1,0,1,9.5
1147,1147,3,3,187,66,1,7,1,2,1,0,1,7.55
1148,1148,3,2,187,35,1,7,1,2,1,0,1,7.75
1149,1149,3,3,187,670,1,3,2,2,1,0,1,8.05
1150,1150,2,3,187,393,1,3,2,2,1,1,0,13.0
1151,1151,3,3,187,499,1,3,1,2,1,0,1,7.775
1152,1152,3,3,187,500,3,4,3,2,1,0,1,17.4
1153,1153,3,3,187,654,1,3,1,2,1,0,1,7.8542
1154,1154,2,3,187,402,4,3,3,2,1,1,0,23.0
1155,1155,3,3,187,649,5,1,2,2,1,1,0,12.1833
1156,1156,2,1,187,63,1,3,2,2,1,0,1,12.7375
1157,1157,3,3,187,602,1,7,1,2,1,0,1,7.8958
1158,1158,1,3,187,100,1,7,1,2,1,0,1,0.0
1159,1159,3,3,187,67,1,7,1,2,1,0,1,7.55
1160,1160,3,3,187,1,1,7,2,2,1,1,0,8.05
1161,1161,3,3,187,443,1,2,2,2,1,0,1,8.6625
1162,1162,1,1,97,172,1,4,4,2,1,0,1,75.2417
1163,1163,3,2,187,703,1,7,1,2,1,0,1,7.75
1164,1164,1,1,110,178,3,3,4,2,1,1,0,136.7792
1165,1165,3,2,187,721,3,7,3,2,1,1,0,15.5
1166,1166,3,1,187,355,1,7,1,2,1,0,1,7.225
1167,1167,2,3,187,246,3,3,3,2,1,1,0,26.0
1168,1168,2,3,187,841,1,3,2,2,1,0,1,10.5
1169,1169,2,3,187,408,3,4,3,2,1,0,1,26.0
1170,1170,2,3,187,71,3,3,3,2,1,0,1,21.0
1171,1171,2,3,187,921,1,3,2,2,1,0,1,10.5
1172,1172,3,3,187,433,1,3,2,2,1,1,0,8.6625
1173,1173,3,3,187,885,5,1,2,2,1,0,1,13.775
1174,1174,3,2,187,685,1,7,1,2,1,1,0,7.75
1175,1175,3,1,187,328,5,1,3,2,1,1,0,15.2458
1176,1176,3,3,187,716,5,1,3,2,1,1,0,20.2125
1177,1177,3,3,187,21,1,4,1,2,1,0,1,7.25
1178,1178,3,3,187,884,1,7,1,2,1,0,1,7.25
1179,1179,1,3,42,215,3,3,4,2,1,0,1,82.2667
1180,1180,3,1,176,333,1,7,1,2,1,0,1,7.2292
1181,1181,3,3,187,16,1,7,2,2,1,0,1,8.05
1182,1182,1,3,187,823,1,7,4,2,1,0,1,39.6
1183,1183,3,2,187,741,1,3,1,2,1,1,0,6.95
1184,1184,3,1,187,330,1,7,1,2,1,0,1,7.2292
1185,1185,1,3,15,482,5,5,4,2,1,0,1,81.8583
1186,1186,3,3,187,508,1,4,2,2,1,0,1,9.5
1187,1187,3,3,187,569,1,3,1,2,1,0,1,7.8958
1188,1188,2,1,187,861,8,1,4,2,1,1,0,41.5792
1189,1189,3,1,187,340,6,7,3,2,1,0,1,21.6792
1190,1190,1,3,187,148,1,3,4,2,1,0,1,45.5
1191,1191,3,3,187,556,1,3,1,2,1,0,1,7.8542
1192,1192,3,3,187,540,1,3,1,2,1,0,1,7.775
1193,1193,2,1,118,257,1,7,3,2,1,0,1,15.0458
1194,1194,2,3,187,866,2,4,3,2,1,0,1,21.0
1195,1195,3,3,187,440,1,3,2,2,1,0,1,8.6625
1196,1196,3,2,187,746,1,7,1,2,1,1,0,7.75
1197,1197,1,3,30,109,5,5,3,2,1,1,0,26.55
1198,1198,1,3,80,133,8,3,4,2,1,0,1,151.55
1199,1199,3,3,187,750,2,1,2,2,1,0,1,9.35
1200,1200,1,3,51,170,5,5,4,2,1,0,1,93.5
1201,1201,3,3,187,630,3,4,2,2,1,1,0,14.1083
1202,1202,3,3,187,439,1,3,2,2,1,0,1,8.6625
1203,1203,3,1,187,336,1,3,1,2,1,0,1,7.225
1204,1204,3,3,187,83,1,7,1,2,1,0,1,7.575
1205,1205,3,2,187,701,1,4,1,2,1,1,0,7.75
1206,1206,1,1,85,836,1,5,4,2,1,1,0,135.6333
1207,1207,3,2,187,34,1,2,1,2,1,1,0,7.7333
1208,1208,1,1,55,802,3,5,4,2,1,0,1,146.5208
1209,1209,2,3,187,383,1,3,2,2,1,0,1,10.5
1210,1210,3,3,187,652,1,3,1,2,1,0,1,7.8542
1211,1211,2,3,187,55,6,3,4,2,1,0,1,31.5
1212,1212,3,3,187,536,1,3,1,2,1,0,1,7.775
1213,1213,3,1,177,332,1,3,1,2,1,0,1,7.2292
1214,1214,2,3,181,284,1,3,2,2,1,0,1,13.0
1215,1215,1,3,187,140,1,3,3,2,1,0,1,26.55
1216,1216,1,3,187,271,1,4,4,2,1,1,0,211.3375
1217,1217,3,3,187,880,1,3,1,2,1,0,1,7.05
1218,1218,2,3,184,230,9,1,4,2,1,1,0,39.0
1219,1219,1,1,187,806,1,4,4,2,1,0,1,79.2
1220,1220,2,3,187,212,3,3,3,2,1,0,1,26.0
1221,1221,2,3,187,247,1,3,2,2,1,0,1,13.0
1222,1222,2,3,187,59,4,4,4,2,1,1,0,36.75
1223,1223,1,1,5,804,1,4,3,2,1,0,1,29.7
1224,1224,3,1,187,363,1,7,1,2,1,0,1,7.225
1225,1225,3,1,187,331,5,3,3,2,1,1,0,15.7417
1226,1226,3,3,187,596,1,3,1,2,1,0,1,7.8958
1227,1227,1,3,66,87,1,3,3,2,1,0,1,26.0
1228,1228,2,3,187,281,1,3,2,2,1,0,1,13.0
1229,1229,3,1,187,354,4,4,1,2,1,0,1,7.2292
1230,1230,2,3,187,55,1,3,4,2,1,0,1,31.5
1231,1231,3,1,187,314,1,7,1,2,1,0,1,7.2292
1232,1232,2,3,187,43,1,3,2,2,1,0,1,10.5
1233,1233,3,3,187,647,1,3,1,2,1,0,1,7.5792
1234,1234,3,3,187,73,24,7,4,2,1,0,1,69.55
1235,1235,1,1,46,831,2,5,4,2,1,1,0,512.3292
1236,1236,3,3,187,33,5,7,3,2,1,0,1,14.5
1237,1237,3,3,187,567,1,2,1,2,1,1,0,7.65
1238,1238,2,3,187,254,1,3,2,2,1,0,1,13.0
1239,1239,3,1,187,367,1,4,1,2,1,1,0,7.2292
1240,1240,2,3,187,290,1,3,2,2,1,0,1,13.5
1241,1241,2,3,187,78,1,3,3,2,1,1,0,21.0
1242,1242,1,1,119,835,2,4,4,2,1,1,0,63.3583
1243,1243,2,3,187,82,1,3,2,2,1,0,1,10.5
1244,1244,2,3,187,863,1,3,4,2,1,0,1,73.5
1245,1245,2,3,187,222,8,4,4,2,1,0,1,65.0
1246,1246,3,3,187,46,8,1,3,2,1,1,0,20.575
1247,1247,1,3,169,113,1,4,3,2,1,0,1,26.0
1248,1248,1,3,62,160,6,5,4,2,1,1,0,51.4792
1249,1249,3,3,187,167,1,7,1,2,1,0,1,7.8792
1250,1250,3,2,187,702,1,7,1,2,1,0,1,7.75
1251,1251,3,3,187,626,3,3,3,2,1,1,0,15.55
1252,1252,3,3,187,73,25,2,4,2,1,0,1,69.55
1253,1253,2,1,187,850,5,3,4,2,1,1,0,37.0042
1254,1254,2,3,187,71,1,3,3,2,1,1,0,21.0
1255,1255,3,3,187,431,1,3,2,2,1,0,1,8.6625
1256,1256,1,1,166,158,3,3,4,2,1,1,0,55.4417
1257,1257,3,3,187,73,24,7,4,2,1,1,0,69.55
1258,1258,3,1,187,368,3,7,3,2,1,0,1,14.4583
1259,1259,3,3,187,419,1,3,4,2,1,1,0,39.6875
1260,1260,1,1,187,107,2,4,4,2,1,1,0,59.4
1261,1261,2,1,187,854,1,3,2,2,1,0,1,13.8583
1262,1262,2,3,187,385,3,3,2,2,1,0,1,11.5
1263,1263,1,1,160,189,1,3,4,2,1,1,0,134.5
1264,1264,1,3,47,103,1,4,1,2,1,0,1,0.0
1265,1265,2,3,187,298,1,4,2,2,1,0,1,13.0
1266,1266,1,3,15,482,5,5,4,2,1,1,0,81.8583
1267,1267,1,1,187,824,1,4,4,2,1,1,0,262.375
1268,1268,3,3,187,448,6,3,2,2,1,1,0,8.6625
1269,1269,2,3,187,406,1,3,2,2,1,0,1,11.5
1270,1270,1,3,86,769,1,5,4,2,1,0,1,50.0
1271,1271,3,3,187,538,21,1,4,2,1,0,1,31.3875
1272,1272,3,2,187,691,1,7,1,2,1,0,1,7.75
1273,1273,3,2,187,459,1,3,1,2,1,0,1,7.8792
1274,1274,3,3,187,671,1,7,3,2,1,1,0,14.5
1275,1275,3,3,187,739,3,3,3,2,1,1,0,16.1
1276,1276,2,3,187,857,1,7,2,2,1,0,1,12.875
1277,1277,2,3,187,222,8,3,4,2,1,1,0,65.0
1278,1278,3,3,187,627,1,3,1,2,1,0,1,7.775
1279,1279,2,3,187,279,1,5,2,2,1,0,1,13.0
1280,1280,3,2,187,684,1,3,1,2,1,0,1,7.75
1281,1281,3,3,187,625,14,1,3,2,1,0,1,21.075
1282,1282,1,3,29,170,1,3,4,2,1,0,1,93.5
1283,1283,1,3,128,809,2,5,4,2,1,1,0,39.4
1284,1284,3,3,187,49,4,2,3,2,1,0,1,20.25
1285,1285,2,3,187,53,1,4,2,2,1,0,1,10.5
1286,1286,3,3,187,449,14,3,3,2,1,0,1,22.025
1287,1287,1,3,84,182,3,3,4,2,1,1,0,60.0
1288,1288,3,2,187,729,1,3,1,2,1,0,1,7.25
1289,1289,1,1,40,180,5,4,4,2,1,1,0,79.2
1290,1290,3,3,187,526,1,3,1,2,1,0,1,7.775
1291,1291,3,2,187,216,1,3,1,2,1,0,1,7.7333
1292,1292,1,3,101,710,1,3,4,2,1,1,0,164.8667
1293,1293,2,3,187,397,3,4,3,2,1,0,1,21.0
1294,1294,1,1,187,107,2,3,4,2,1,1,0,59.4
1295,1295,1,3,187,119,1,2,4,2,1,0,1,47.1
1296,1296,1,1,136,200,3,4,3,2,1,0,1,27.7208
1297,1297,2,1,135,858,1,3,2,2,1,0,1,13.8625
1298,1298,2,3,187,399,3,3,2,2,1,0,1,10.5
1299,1299,1,1,104,121,5,4,4,2,1,0,1,211.5
1300,1300,3,2,187,478,1,7,1,2,1,1,0,7.7208
1301,1301,3,3,187,885,5,1,2,2,1,1,0,13.775
1302,1302,3,2,187,689,1,7,1,2,1,1,0,7.75
1303,1303,1,2,103,204,3,4,4,2,1,1,0,90.0
1304,1304,3,3,187,546,1,3,1,2,1,1,0,7.775
1305,1305,3,3,187,15,1,7,2,2,1,0,1,8.05
1306,1306,1,1,65,834,1,4,4,2,1,1,0,108.9
1307,1307,3,3,187,874,1,4,1,2,1,0,1,7.25
1308,1308,3,3,187,663,1,7,2,2,1,0,1,8.05
1309,1309,3,1,187,346,5,7,3,2,1,0,1,22.3583
